CAC40,Nikkei225
5539.609863,18193.41016
5787.439941,18956.55078
5681.319824,18878.08984
5731.049805,19434.7793
6275.720215,19763.13086
6287.009766,19710.01953
6062.720215,19789.0293
6188.640137,19817.88086
6514.109863,19927.53906
6510.279785,19750.40039
6304.279785,19566.32031
6364.259766,19958.08008
6286.049805,20337.32031
6308.040039,20252.81055
6065.709961,20434.67969
6234.509766,18252.67969
6419.720215,17973.69922
6545.759766,18439.35938
6449.27002,17357.85938
6196.049805,16858.16992
6129.149902,16008.13965
6673.52002,16800.06055
6549.049805,16861.91016
6456.259766,16318.30957
6545.350098,16963.21094
6446.540039,17411.05078
6565.970215,17398.24023
6570.359863,17142.90039
6464.120117,16811.49023
6415.720215,15838.57031
6461.350098,15667.36035
6553,16117.5
6594.350098,16280.49023
6595.109863,16911.33008
6813.660156,16739.7793
6703.359863,16501.55078
6614.649902,16213.28027
6258.580078,15818.25
6266.629883,15747.25977
6258.410156,15994.24023
6064.209961,15330.30957
6149.439941,15198.73047
6268.930176,14582.2002
6398.919922,14837.78027
6147.490234,14988.54004
6161.919922,14544.29981
6145.649902,14315.34961
5928.5,14835.33008
5939.319824,14696.50977
5839.540039,14552.29004
5783.72998,13427.08008
5926.419922,13785.69043
5758.02002,13867.61035
5834.339844,13347.74023
5845.72998,13989.12012
5925.620117,13696.05957
5826.370117,13703.62988
5712.359863,13422.83008
5595.129883,13175.49023
5322.839844,13246
5291.919922,12261.79981
5368.890137,12627.90039
5104.77002,12232.98047
4951.129883,13214.54004
5180.450195,12999.7002
5139.709961,13383.75977
5372.709961,13385.71973
5449.339844,13765.66992
5575.970215,13934.32031
5455.549805,14421.63965
5567.25,14043.91992
5638.240234,13877.76953
5581.939941,13765.91992
5432.709961,13261.83984
5439.930176,13430.21973
5243.839844,12790.37988
5183.669922,13044.61035
5225.330078,12969.04981
4999.359863,12306.08008
5025.240234,12355.15039
4880.700195,11908.38965
4967.149902,11798.08008
5031.290039,12241.96973
4846.02002,11735.05957
4777.370117,11445.54004
4916.560059,11166.30957
4689.339844,10713.50977
4413.509766,10516.79004
3909.48999,10008.88965
3652.870117,9554.990234
4079.02002,9774.679688
4164.759766,10205.87012
4336.879883,10632.34961
4264.890137,10538.79004
4478.629883,10795.16016
4369.399902,10383.78027
4514.279785,10215.70996
4587.299805,10649.08984
4573.819824,10696.82031
4476.060059,10697.44043
4642.939941,10796.88965
4340.02002,10511.65039
4499.339844,10335.4502
4624.580078,10542.62012
4682.790039,10871.49023
4554.689941,10441.58984
4448.850098,10293.32031
4484.310059,10144.13965
4455.560059,9791.429688
4299.040039,9686.05957
4377,10048.09961
4245.200195,10356.78027
4486.419922,10812
4629.109863,11885.79004
4588.330078,11648.00977
4601.569824,11345.08008
4688.02002,11024.94043
4515.700195,11335.49023
4468.290039,10962.98047
4606.419922,11512.00977
4453.080078,11541.38965
4354.919922,11551.00977
4329.839844,11531.11035
4442.939941,11847.32031
4337.430176,11976.28027
4274.640137,11763.7002
4020.27002,11438.53027
3843.070068,10920.62988
3799.530029,10354.34961
3897.98999,10621.83984
3863.280029,10826.08984
3513.340088,10601.4502
3324.040039,10202.36035
3172.560059,9591.030273
3245.370117,9709.660156
3447.939941,9999.790039
3374.090088,9788.129883
3526.090088,9867.450195
3366.209961,9619.299805
3246.669922,9129.070313
3156.169922,9241.929688
2890.820068,9481.080078
2950.52002,9530.44043
2765.899902,9027.549805
2902.27002,8529.610352
3156.98999,9086.129883
3056.879883,8726.290039
3109.51001,8685.719727
3058.179932,8690.769531
3162.389893,8503.589844
3305.780029,8772.55957
3326.649902,9215.55957
3185.77002,8863.259766
3076.850098,8516.070313
3082.850098,8406.879883
3011.830078,8714.049805
3187.879883,8578.950195
3160.129883,8470.450195
3056.929932,8690.25
2898.600098,8731.650391
2937.879883,8339.94043
2796.659912,8448.160156
2827.75,8701.919922
2829.830078,8513.540039
2754.070068,8363.040039
2574.909912,8144.120117
2740.01001,8002.689941
2890.679932,8195.049805
2733,8280.160156
2837.959961,8074.120117
2838.139893,7816.490234
2898.610107,7874.509766
2866.73999,7699.5
2963.120117,7907.189941
2967.889893,8152.160156
2994.870117,8117.290039
2897.159912,8184.759766
2991.75,8424.509766
3093.209961,8785.870117
3108.939941,8980.639648
3190.110107,9120.389648
3109.02002,9104.05957
3072.399902,9547.730469
3138.27002,9635.349609
3129.209961,9527.730469
3109.320068,9648.009766
3169.629883,9611.669922
3165.48999,9327.530273
3279.209961,9863.469727
3328.98999,10281.16992
3311.419922,10343.54981
3392.75,10650.76953
3322.560059,10712.80957
3373.639893,10938.41992
3216.76001,10318.44043
3296.360107,10709.29004
3306.120117,10786.04004
3353.719971,11037.88965
3266.27002,10335.7002
3373.199951,10559.58984
3453.129883,10628.98047
3448.600098,10167.05957
3366.120117,9852.830078
3424.790039,10100.57031
3457.139893,10373.45996
3470.600098,10169.66016
3502.040039,10284.54004
3510.300049,10417.41016
3596.800049,10676.63965
3574.800049,10965.04981
3671.800049,10857.2002
3693.360107,11069.00977
3638.439941,10783.61035
3624.719971,10460.91992
3649.340088,10557.69043
3733.280029,10720.69043
3725.439941,11041.91992
3761.110107,11537.29004
3661.780029,11162.75
3613.280029,11418.50977
3592.389893,11770.65039
3739.909912,11815.9502
3740.110107,11897.50977
3751.590088,11824.55957
3811.429932,12120.66016
3674.280029,11761.79004
3653.179932,11438.82031
3603.26001,10849.62988
3607.02002,11070.25
3652.030029,11309.57031
3698.870117,11128.04981
3699.379883,11526.82031
3740.899902,11382.08008
3742.379883,11780.40039
3685.060059,11721.49023
3668.47998,11423.53027
3610.399902,11436
3567.290039,11187.33008
3647.100098,11325.78027
3528.639893,10972.57031
3484.840088,10757.2002
3538.02002,10889.13965
3649.23999,11209.58984
3665.939941,11022.49023
3677.610107,11083.23047
3726.219971,11082.49023
3673.51001,10895.16016
3730.159912,10985.16992
3737.870117,11349.34961
3670.76001,10982.9502
3687.169922,10857.12988
3706.820068,10771.41992
3780.98999,11061.76953
3835.110107,11019.98047
3798.780029,11082.83984
3782.199951,10833.75
3783.51001,11074.88965
3768.419922,10756.79981
3744.919922,11078.32031
3822.76001,11365.48047
3821.159912,11488.75977
3877.959961,11433.24023
3854.600098,11438.38965
3854.189941,11238.37012
3870.350098,11320.58008
3958.01001,11360.40039
4016.75,11553.55957
4029.02002,11660.12012
4034.570068,11658.25
4091.580078,11873.04981
4049.179932,11923.88965
4050.77002,11879.80957
4078.310059,11761.09961
4080.080078,11723.62988
4124.290039,11874.75
4032.280029,11370.69043
3980.179932,11045.9502
3911.709961,11008.90039
4033.459961,11192.16992
4017.889893,11049.11035
4096.180176,11037.29004
4131.830078,11192.33008
4162.470215,11300.04981
4184.100098,11304.23047
4220.910156,11514.03027
4199.870117,11537.03027
4269.620117,11630.12988
4300.310059,11565.99023
4373.77002,11758.67969
4415.52002,11695.04981
4451.740234,11899.59961
4421.700195,11766.48047
4476.47998,12261.67969
4487.899902,12291.73047
4342.700195,12439.48047
4404.950195,12600
4491.680176,12692.04004
4509.490234,12958.67969
4477.200195,13159.36035
4600.02002,13574.29981
4528.790039,13227.74023
4482.129883,13420.54004
4366.52002,13199.9502
4326.709961,13346.54004
4498.700195,14075.95996
4536.490234,14155.05957
4556.22998,14623.12012
4600.47998,14784.29004
4662.5,15421.59961
4661.009766,15404.04981
4704.410156,15173.07031
4757.740234,15941.37012
4715.22998,16111.42969
4867.149902,16428.21094
4850.529785,16454.94922
4773.47998,15696.69043
4956.600098,16460.67969
4937.560059,16659.64063
4910.819824,16257.83008
5000,15713.4502
5073.950195,16101.91016
4989.149902,15663.33984
5069.27002,16115.62988
5141.080078,16339.73047
5218.709961,16560.86914
5220.850098,17059.66016
5174.959961,17563.36914
5102.620117,17233.82031
5252.379883,17403.96094
5188.399902,16906.23047
5286.399902,17153.76953
5150.450195,16601.7793
4944.569824,16155.4502
5045.089844,15970.75977
4959.700195,15789.30957
4768.180176,14750.83984
4694.890137,14879.33984
4817.629883,15124.04004
4965.959961,15505.17969
4953.709961,15307.61035
4780.790039,14845.24023
4818.549805,14821.25977
5028.509766,15342.87012
5040.950195,15499.17969
4985.52002,15565.01953
5135.689941,16105.98047
5111.129883,15938.66016
5183.450195,16134.25
5073.569824,16080.45996
5144.879883,15866.92969
5141.950195,15634.66992
5250.009766,16127.58008
5282.060059,16436.06055
5353.22998,16536.53906
5375.350098,16651.63086
5396.029785,16669.07031
5336.299805,16350.01953
5447.5,16112.42969
5439.709961,16091.73047
5389.459961,15734.59961
5254.049805,16321.78027
5384.160156,16417.82031
5541.620117,16914.31055
5453.939941,17104.96094
5541.759766,17225.83008
5517.350098,17091.58984
5617.620117,17057.00977
5614.700195,17310.43945
5582.299805,17421.92969
5677.299805,17547.10938
5692.450195,17504.33008
5713.589844,17875.65039
5716.379883,18188.41992
5424.700195,17217.92969
5537.839844,17164.03906
5382.160156,16744.15039
5634.75,17480.60938
5634.160156,17287.65039
5741.379883,17484.7793
5789.339844,17363.94922
5938.899902,17452.61914
5930.77002,17400.41016
6068.830078,17394.91992
6050.629883,17553.7207
6101.140137,17399.58008
6057.490234,17481.21094
6168.149902,17958.88086
5883.290039,17779.08984
6105.279785,17971.49023
6023.25,18188.63086
6054.930176,18138.35938
6102.689941,18140.93945
6117.959961,18238.94922
5957.160156,18157.92969
5643.959961,17283.81055
5597.890137,16979.85938
5448.629883,16764.08984
5363.629883,15273.67969
5569.379883,16248.96973
5662.700195,16569.08984
5430.100098,16122.16016
5538.919922,16127.41992
5700.649902,16312.61035
5715.689941,16785.68945
5843.240234,17065.03906
5843.950195,17331.16992
5740.47998,16814.36914
5794.870117,16505.63086
5720.419922,16517.48047
5524.180176,15583.41992
5523.629883,15154.61035
5521.169922,14888.76953
5670.569824,15680.66992
5718.75,15956.37012
5605.359863,15514.50977
5602.77002,15257
5627.25,15307.78027
5446.790039,14691.41016
5371.410156,14110.79004
5092.399902,13861.29004
4878.120117,13629.16016
4978.060059,13497.16016
4709.649902,13017.24023
4771.790039,13622.55957
4824.549805,13500.45996
4790.660156,13603.01953
4618.959961,12782.79981
4592.149902,12241.59961
4533.720215,12482.57031
4695.919922,12820.46973
4900.879883,13293.21973
4797.930176,13323.73047
4961.689941,13476.4502
4978.209961,13863.46973
5069.709961,14049.25977
4960.560059,13655.33984
5078.040039,14219.48047
4933.77002,14012.2002
5014.279785,14338.54004
4795.319824,14489.44043
4682.299805,13973.73047
4509.27002,13942.08008
4397.319824,13544.36035
4266,13237.88965
4100.640137,13039.69043
4299.359863,12803.7002
4377.180176,13334.75977
4314.339844,13094.58984
4491.850098,13168.41016
4453.620117,13019.41016
4400.450195,12666.04004
4482.600098,13072.87012
4196.660156,12212.23047
4332.660156,12214.75977
4324.870117,11920.86035
4163.379883,11893.16016
4080.75,10938.13965
3176.48999,8276.429688
3329.919922,8693.820313
3193.790039,7649.080078
3487.070068,8576.980469
3469.120117,8583
3291.469971,8462.389648
2881.26001,7910.790039
3262.679932,8512.269531
2988.01001,7917.509766
3213.600098,8235.870117
3225.899902,8588.519531
3116.209961,8739.519531
3349.689941,8859.55957
3299.5,8836.799805
3016.75,8230.150391
2849.139893,7745.25
2973.919922,7994.049805
3122.790039,8076.620117
2997.860107,7779.399902
2750.550049,7416.379883
2702.47998,7568.419922
2534.449951,7173.100098
2705.629883,7569.279785
2791.139893,7945.959961
2840.620117,8626.969727
2958.73999,8749.839844
2974.179932,8964.110352
3091.959961,8907.580078
3102.850098,8707.990234
3159.850098,8977.370117
3312.590088,9432.830078
3169.050049,9265.019531
3227.969971,9225.80957
3277.649902,9522.5
3339.050049,9768.009766
3326.139893,10135.82031
3221.27002,9786.259766
3129.72998,9877.389648
3119.51001,9816.070313
2983.100098,9287.280273
3218.459961,9395.320313
3366.449951,9944.549805
3426.27002,10356.83008
3521.139893,10412.08984
3495.27002,10597.33008
3615.810059,10238.2002
3693.139893,10534.13965
3598.76001,10187.11035
3734.889893,10444.33008
3827.840088,10370.54004
3739.139893,10265.98047
3649.899902,9731.870117
3799.610107,10016.38965
3827.600098,10257.55957
3808.23999,10282.99023
3607.689941,10034.74023
3707.290039,9789.349609
3806.01001,9770.30957
3729.360107,9497.679688
3721.449951,9081.519531
3846.620117,10022.58984
3803.719971,10107.87012
3794.439941,10142.04981
3912.72998,10494.70996
3936.330078,10546.44043
4045.139893,10798.32031
3954.379883,10982.09961
3820.780029,10590.54981
3739.459961,10198.04004
3563.76001,10057.08984
3599.070068,10092.19043
3769.540039,10123.58008
3708.800049,10126.03027
3910.419922,10368.95996
3927.399902,10751.25977
3925.439941,10824.71973
3988.929932,10996.37012
4034.22998,11286.08984
4050.540039,11204.33984
3986.629883,11102.17969
3951.300049,10914.45996
3816.98999,11057.40039
3392.590088,10364.58984
3560.360107,10462.50977
3430.73999,9784.540039
3515.060059,9762.980469
3455.610107,9901.19043
3555.52002,9705.25
3687.209961,9995.019531
3519.72998,9737.480469
3348.370117,9203.709961
3554.47998,9585.320313
3500.159912,9408.360352
3607.050049,9430.959961
3643.139893,9537.299805
3716.050049,9642.120117
3610.909912,9253.459961
3526.120117,9179.379883
3507.439941,8991.05957
3672.199951,9114.129883
3725.820068,9239.169922
3722.02002,9626.089844
3782.47998,9471.669922
3692.090088,9404.230469
3763.179932,9588.879883
3827.370117,9500.25
3868.540039,9426.709961
3833.5,9202.450195
3916.72998,9625.990234
3831.120117,9724.80957
3860.159912,10022.38965
3728.649902,10039.55957
3750.550049,10178.32031
3857.350098,10211.9502
3867.350098,10303.83008
3900.389893,10279.19043
3804.780029,10228.91992
3865.580078,10541.04004
3983.280029,10499.04004
4017.449951,10274.51953
4002.320068,10360.33984
4047.209961,10543.51953
4101.310059,10605.65039
4157.140137,10842.79981
4070.379883,10526.75977
4020.209961,10693.66016
3928.679932,10254.42969
3810.219971,9206.75
3972.379883,9536.129883
4054.76001,9708.389648
4061.909912,9768.080078
3974.47998,9591.519531
4021.879883,9682.209961
4106.919922,9849.740234
4058.01001,9859.200195
4018.850098,9648.769531
3990.850098,9607.080078
3950.97998,9521.94043
3890.679932,9492.209961
3805.090088,9514.44043
3823.73999,9351.400391
3784.800049,9678.709961
4007.350098,9868.070313
3913.550049,10137.73047
3726.590088,9974.469727
3842.699951,10132.11035
3672.77002,9833.030273
3278.560059,9299.879883
3213.879883,8963.719727
3016.98999,8719.240234
3087.639893,8797.780273
3148.530029,8950.740234
2974.590088,8737.660156
3031.080078,8864.160156
2810.110107,8560.259766
2981.959961,8700.290039
3095.560059,8605.620117
3217.889893,8747.959961
3171.340088,8678.889648
3348.629883,9050.469727
3123.550049,8801.400391
3149.379883,8514.469727
2997.01001,8374.910156
2856.969971,8160.009766
3164.949951,8643.75
3172.350098,8536.459961
2972.300049,8401.719727
3102.090088,8395.160156
3159.810059,8455.349609
3137.360107,8390.349609
3196.48999,8500.019531
3321.5,8766.360352
3318.76001,8841.219727
3427.919922,8831.929688
3373.139893,8947.169922
3439.620117,9384.169922
3467.030029,9647.379883
3501.169922,9777.030273
3487.47998,9929.740234
3594.830078,10129.83008
3476.179932,10011.46973
3423.810059,10083.55957
3319.810059,9688.450195
3189.090088,9637.990234
3188.580078,9561.360352
3266.27002,9520.889648
3161.969971,9380.25
3129.77002,8953.30957
3008,8611.30957
3047.939941,8580.389648
2950.469971,8440.25
3051.689941,8459.259766
3087.620117,8569.320313
3090.899902,8798.349609
3196.649902,9006.780273
3168.790039,9020.75
3180.810059,8724.120117
3193.889893,8669.870117
3280.189941,8566.639648
3374.189941,8555.110352
3435.620117,8891.44043
3488.379883,9162.5
3433.209961,9070.759766
3413.070068,8839.910156
3519.050049,8871.650391
3581.580078,9159.389648
3530.719971,9110
3354.820068,8870.160156
3457.040039,8863.299805
3389.080078,8534.120117
3504.560059,9002.679688
3435.090088,8933.05957
3492.459961,9051.219727
3423.570068,8757.599609
3341.52002,9024.160156
3528.800049,9366.799805
3557.280029,9446.009766
3605.610107,9527.389648
3643.280029,9737.55957
3661.399902,9940.05957
3620.25,10395.17969
3730.02002,10688.11035
3706.02002,10801.57031
3741.580078,10913.29981
3778.159912,10926.65039
3773.530029,11191.33984
3649.5,11153.16016
3660.370117,11173.83008
3706.280029,11385.94043
3699.909912,11606.37988
3840.149902,12283.62012
3844.030029,12560.9502
3770.290039,12338.53027
3731.419922,12397.91016
3663.47998,12833.63965
3729.300049,13485.13965
3651.959961,13316.48047
3810.050049,13884.12988
3912.949951,13694.04004
3953.830078,14607.54004
4001.27002,15138.12012
3956.790039,14612.4502
3948.590088,13774.54004
3872.590088,12877.53027
3805.159912,12686.51953
3658.040039,13230.12988
3738.909912,13677.32031
3753.850098,14309.96973
3855.090088,14506.25
3925.320068,14589.91016
3968.840088,14129.98047
4045.649902,14466.16016
4076.550049,13615.19043
4123.890137,13650.11035
4069.469971,13660.54981
3933.780029,13388.86035
4049.189941,13860.80957
4114.5,14404.66992
4203.660156,14742.41992
4186.77002,14760.07031
4164.25,14024.30957
4219.97998,14404.74023
4286.029785,14561.54004
4272.310059,14088.19043
4273.189941,14201.57031
4260.439941,14086.79981
4292.22998,15165.91992
4278.529785,15381.71973
4295.209961,15661.87012
4129.370117,15299.86035
4059.709961,15403.11035
4193.77002,15870.41992
4277.649902,16178.94043
4247.649902,16291.30957
4250.600098,15912.05957
4327.5,15734.45996
4161.470215,15391.55957
4165.720215,14914.53027
4228.180176,14462.41016
4340.140137,14313.03027
4381.060059,14865.66992
4408.080078,14841.07031
4366.419922,15274.07031
4216.370117,14327.66016
4335.279785,14224.23047
4411.259766,14696.03027
4484.549805,15063.76953
4365.859863,13960.04981
4431.810059,14516.26953
4443.629883,14429.25977
4458.169922,14457.50977
4477.279785,14199.58984
4456.279785,14096.58984
4493.149902,14462.16992
4519.569824,14632.37988
4581.120117,15077.24023
4543.279785,15097.83984
4541.339844,15349.41992
4436.990234,15095
4468.97998,15437.12988
4316.5,15164.04004
4335.310059,15215.70996
4330.549805,15457.87012
4202.779785,15523.11035
4147.810059,14778.37012
4174.359863,15318.33984
4252.799805,15539.19043
4381.040039,15424.58984
4486.490234,15668.67969
4441.700195,15948.29004
4461.220215,16321.16992
4394.75,16229.86035
4281.740234,15708.65039
4073.709961,15300.54981
4033.179932,14532.50977
4128.899902,15291.63965
4233.089844,16413.75977
4189.890137,16880.38086
4202.459961,17490.83008
4347.22998,17357.50977
4390.180176,17459.84961
4419.47998,17920.44922
4108.930176,17371.58008
4241.649902,17621.40039
4295.850098,17818.96094
4252.290039,17450.76953
4179.069824,17197.73047
4379.620117,16864.16016
4640.689941,17511.75
4604.25,17674.39063
4691.029785,17648.5
4759.359863,17913.35938
4830.899902,18332.30078
4951.47998,18797.93945
4964.350098,18971
5010.459961,19254.25
5087.490234,19560.2207
5034.060059,19285.63086
5074.140137,19435.08008
5240.459961,19907.63086
5143.259766,19652.88086
5201.450195,20020.03906
5046.490234,19531.63086
5090.390137,19379.18945
4993.819824,19732.91992
5142.890137,20264.41016
5007.890137,20563.15039
4920.740234,20460.90039
4901.189941,20407.08008
4815.370117,20174.24023
5059.169922,20706.15039
4808.220215,20539.78906
4903.069824,19779.83008
5124.390137,20650.91992
5057.359863,20544.5293
5082.609863,20585.24023
5154.75,20724.56055
4956.470215,20519.44922
4630.990234,19435.83008
4675.129883,19136.32031
4523.080078,17792.16016
4548.720215,18264.2207
4535.850098,18070.21094
4480.660156,17880.50977
4458.879883,17725.13086
4701.390137,18438.66992
4702.790039,18291.80078
4923.640137,18825.30078
4897.660156,19083.09961
4984.149902,19265.59961
4807.950195,19596.91016
4910.970215,19879.81055
4930.140137,19883.93945
4714.790039,19504.48047
4549.560059,19230.48047
4625.259766,18986.80078
4663.180176,18769.06055
4637.060059,19033.71094
4333.759766,17697.96094
4210.160156,17147.10938
4336.689941,16958.5293
4417.02002,17518.30078
4200.669922,16819.58984
3995.060059,14952.61035
4223.040039,15967.16992
4314.569824,16188.41016
4456.620117,17014.7793
4492.790039,16938.86914
4462.509766,16724.81055
4329.680176,17002.75
4322.240234,16164.16016
4303.120117,15821.51953
4495.169922,16848.0293
4569.660156,17572.49023
4428.959961,16666.05078
4301.240234,16106.71973
4319.990234,16412.21094
4353.899902,16736.34961
4514.740234,16834.83984
4421.779785,16642.23047
4306.720215,16601.35938
4193.830078,15599.66016
4106.72998,14952.01953
4273.959961,15682.48047
4190.680176,15106.98047
4372.509766,16497.84961
4381.100098,16627.25
4439.810059,16569.26953
4410.549805,16254.4502
4500.189941,16919.91992
4400.52002,16545.82031
4441.870117,16360.70996
4542.169922,16925.67969
4491.399902,16965.75977
4332.450195,16519.28906
4488.689941,16754.01953
4448.259766,16449.83984
4449.910156,16860.08984
4470.919922,16856.36914
4536.069824,17184.58984
4548.580078,17446.41016
4377.459961,16905.35938
4489.27002,17374.78906
4504.350098,17967.41016
4550.27002,18381.2207
4528.819824,18426.08008
4764.069824,18996.36914
4833.27002,19401.15039
4839.680176,19427.66992
4862.310059,19114.36914
4909.839844,19454.33008
4922.490234,19287.2793
4850.669922,19137.91016
4839.97998,19467.40039
4825.419922,18918.19922
4828.319824,19378.92969
4867.580078,19234.61914
4845.240234,19283.53906
4995.129883,19469.16992
4993.319824,19604.60938
5029.240234,19521.58984
5020.899902,19262.5293
5122.509766,18909.25977
5135.279785,18664.63086
5071.100098,18335.63086
5059.200195,18620.75
5267.330078,19196.74023
5432.399902,19445.69922
5405.419922,19883.90039
5324.399902,19590.75977
5336.640137,19686.83984
5343.410156,20177.2793
5299.709961,20013.25977
5263.310059,19943.25977
5266.120117,20132.66992
5120.680176,20033.42969
5145.160156,19929.08984
5235.310059,20118.85938
5117.660156,20099.75
5131.390137,19959.83984
5203.439941,19952.33008
5060.919922,19729.74023
5114.149902,19470.41016
5104.330078,19452.60938
5123.259766,19691.4707
5113.490234,19274.82031
5213.910156,19909.5
5281.290039,20296.44922
5329.810059,20356.2793
5359.899902,20690.71094
5351.740234,21155.17969
5372.379883,21457.64063
5494.129883,22008.44922
5517.970215,22539.11914
5380.720215,22681.41992
5319.169922,22396.80078
5390.459961,22550.84961
5316.890137,22819.0293
5399.089844,22811.08008
5349.299805,22553.2207
5364.720215,22902.75977
5312.560059,22764.93945
5470.75,23714.5293
5517.060059,23653.82031
5526.509766,23808.06055
5529.149902,23631.88086
5364.97998,23274.5293
5079.209961,21382.61914
5281.580078,21720.25
5317.370117,21892.7793
5136.580078,21181.64063
5274.399902,21469.19922
5282.75,21676.50977
5095.220215,20617.85938
5167.299805,21454.30078
5258.240234,21567.51953
5315.02002,21778.74023
5412.830078,22162.24023
5483.189941,22467.86914
5516.049805,22472.7793
5541.939941,22758.48047
5614.509766,22930.35938
5542.549805,22450.78906
5465.529785,22171.34961
5450.220215,22694.5
5501.879883,22851.75
5387.379883,22516.83008
5323.529785,22304.50977
5375.77002,21788.14063
5429.200195,22597.34961
5398.319824,22697.88086
5511.759766,22712.75
5478.97998,22525.17969
5414.680176,22298.08008
5344.930176,22270.38086
5432.5,22601.76953
5406.850098,22865.15039
5252.220215,22307.06055
5352.569824,23094.66992
5494.169922,23869.92969
5493.490234,24120.03906
5359.359863,23783.7207
5095.97998,22694.66016
5084.660156,22532.08008
4967.370117,21184.59961
5102.129883,22243.66016
5106.75,22250.25
5025.200195,21680.33984
4946.950195,21646.55078
5003.919922,22351.06055
4813.129883,21678.67969
4853.700195,21374.83008
4694.379883,20166.18945
4678.740234,20014.76953
4737.120117,19561.96094
4781.339844,20359.69922
4875.930176,20666.07031
4925.819824,20773.56055
5019.259766,20788.39063
4961.640137,20333.16992
5153.189941,20900.63086
5215.850098,21425.50977
5265.189941,21602.68945
5231.220215,21025.56055
5405.319824,21450.84961
5269.919922,21627.33984
5350.529785,21205.81055
5476.200195,21807.5
5502.700195,21870.56055
5580.379883,22200.56055
5569.359863,22258.73047
5327.439941,21344.91992
5438.22998,21250.08984
5316.509766,21117.2207
5207.629883,20601.18945
5364.049805,20884.71094
5367.620117,21116.89063
5528.330078,21258.64063
5538.970215,21275.91992
5593.720215,21746.38086
5572.859863,21685.90039
5552.339844,21466.99023
5610.049805,21658.15039
5359,21087.16016
5327.919922,20684.82031
5300.790039,20418.81055
5326.870117,20710.91016
5480.47998,20704.36914
5603.990234,21199.57031
5655.459961,21988.28906
5690.779785,22079.08984
5640.580078,21878.90039
5488.319824,21410.19922
5665.47998,21798.86914
5636.25,22492.67969
5722.149902,22799.81055
5761.890137,22850.76953
5889.700195,23391.86914
5939.27002,23303.32031
5893.129883,23112.88086
5905.169922,23293.91016
5871.910156,23354.40039
5919.02002,24023.09961
6021.529785,23816.63086
6037.390137,23837.7207
6044.160156,23656.61914
6037.109863,23850.57031
6100.720215,24041.25977
6024.259766,23827.17969
5806.339844,23205.17969
6029.75,23827.98047
6069.350098,23687.58984
6029.720215,23386.74023
5309.899902,21142.96094
5139.109863,20749.75
4118.359863,17431.05078
4048.800049,16552.83008
4351.490234,19389.42969
4154.580078,17820.18945
4506.850098,19498.5
4499.009766,19897.25977
4393.319824,19262
4572.180176,19619.34961
4549.640137,20179.08984
4277.629883,20037.4707
4444.560059,20388.16016
4695.439941,21877.89063
5197.790039,22863.73047
4839.259766,22305.48047
4979.450195,22478.78906
4909.640137,22512.08008
5007.140137,22306.48047
4970.47998,22290.81055
5069.419922,22696.41992
4956.430176,22751.60938
4783.689941,21710
4889.52002,22329.93945
4962.930176,23289.35938
4896.330078,22920.30078
5002.939941,22882.65039
4965.069824,23205.42969
5034.140137,23406.49023
4978.180176,23360.30078
4729.660156,23204.61914
4824.879883,23029.90039
4946.810059,23619.68945
4935.859863,23410.63086
4909.640137,23516.58984
4594.240234,22977.13086
4960.879883,24325.23047
5380.160156,25385.86914
5495.890137,25527.36914
5598.180176,26644.71094
5609.149902,26751.24023
5507.549805,26652.51953
5527.839844,26763.39063
5522.009766,26656.60938
5551.410156,27444.16992
5706.879883,28139.0293
5611.689941,28519.17969
5559.569824,28631.44922
5399.209961,27663.39063
5659.259766,28779.18945
5703.669922,29520.07031
5773.549805,30017.91992
5703.220215,28966.00977
5782.649902,28864.32031
6046.549805,29717.83008
5997.959961,29792.05078
5988.810059,29176.69922
6102.959961,29854
6169.410156,29768.06055
6287.069824,29683.36914
6257.939941,29020.63086
6269.47998,28812.63086
6385.509766,29357.82031
6385.140137,28084.4707
6386.410156,28317.83008
6484.109863,29149.41016
6515.660156,28941.51953
6600.660156,28948.73047
6569.160156,28964.08008
6622.870117,29066.17969
6552.859863,28783.2793
6529.419922,27940.41992
6460.080078,28003.08008
6568.819824,27548
6612.759766,27283.58984
6816.959961,27820.03906
6896.040039,27977.15039
6626.109863,27013.25
6681.919922,27641.14063
6689.990234,29128.10938
6663.77002,30381.83984
6570.189941,30500.05078
6638.459961,30248.81055
6517.689941,28771.07031
6559.990234,28048.93945
6727.52002,29068.63086
6733.689941,28804.84961
6830.339844,28892.68945
7040.790039,29611.57031
7091.399902,29609.9707
7112.290039,29745.86914
6739.72998,28751.61914
6765.52002,28029.57031
6991.680176,28437.76953
6926.629883,28545.67969
7086.580078,28782.58984
7153.029785,28791.71094
7219.47998,28478.56055
7143,28124.2793
7068.589844,27522.25977
6965.879883,26717.33984
6951.379883,27439.99023
7011.600098,27696.08008
6929.629883,27122.07031
6752.430176,26476.5
6061.660156,25985.4707
6260.25,25162.7793
6620.240234,26827.42969
6553.680176,28149.83984
6684.310059,27665.98047
6548.220215,26985.80078
6589.350098,27093.18945
6581.419922,27105.25977
6533.77002,26847.90039
6258.359863,27003.56055
6362.680176,26427.65039
6285.240234,26739.0293
6515.75,26781.67969
6485.299805,27761.57031
6187.22998,27824.28906
5882.649902,25963
6073.350098,26491.9707
5931.060059,25935.61914
6033.129883,26517.18945
6036,26788.4707
6216.819824,27914.66016
6448.5,27801.64063
6472.350098,28175.86914
6553.859863,28546.98047
6495.830078,28930.33008
6274.259766,28641.38086
6167.509766,27650.83984
6212.330078,28214.75
6077.299805,27567.65039
5783.410156,27153.83008
5762.339844,25937.21094
5866.939941,27116.10938
5931.919922,27090.75977
6035.390137,26890.58008
6273.049805,27105.19922
6416.439941,27199.74023
6594.620117,28263.57031
6644.459961,27899.76953
6712.47998,28283.0293
6742.25,27777.90039
6677.640137,27901.00977
6452.629883,27527.11914
6504.899902,26235.25
6473.759766,26094.5
6860.950195,25973.84961
7023.5,26119.51953
6995.990234,26553.5293
7097.209961,27382.56055
7233.939941,27509.46094
7129.72998,27670.98047
7347.720215,27513.13086
7187.27002,27453.48047
7348.120117,27927.4707
7220.669922,28143.9707
6925.399902,27333.78906
7015.100098,27385.25
7322.390137,28041.48047
7324.75,27518.31055
7519.609863,28493.4707
7577,28564.36914
7491.5,28856.43945
7432.930176,29157.94922
7414.850098,29388.30078
7491.959961,30808.34961
7319.180176,30916.31055
7270.689941,31524.2207
7213.140137,32265.16992
7388.649902,33706.07813
7163.419922,32781.53906
7400.060059,33189.03906
7111.879883,32388.41992
7374.540039,32391.25977
7432.77002,32304.25
7476.470215,32759.23047
7315.069824,32192.75
7340.189941,32473.65039
7164.109863,31450.75977
7229.600098,31624.2793
7296.77002,32710.61914
7240.77002,32606.83984
7378.819824,33533.08984
7184.819824,32402.41016
7135.060059,31857.61914
7060.149902,30994.66992
7003.529785,32315.99023
6816.220215,31259.35938
6795.379883,30991.68945
7047.5,31949.89063
7045.040039,32568.10938
7233.910156,33585.19922
7292.799805,33625.53125
7346.149902,33431.51172
7526.549805,32307.85938
7596.910156,32970.55078
7568.819824,33169.05078
7543.180176,33464.17188